{"videos": {"_type": "video-file", "sha256": "0319a7f17986ebaa2d78d550eae49257442f415a18970c542aada1ed57ed25b4", "size": 22798, "path": "media/videos/videos_101_0319a7f17986ebaa2d78.mp4"}, "_timestamp": 1661525717.1437187, "_runtime": 806.6974456310272, "_step": 115, "global_step": 89, "metric/stoc_pol_mean": -5.125328063964844, "metric/stoc_pol_std": 11.336139678955078, "metric/stoc_pol_max": 21.138002395629883, "metric/stoc_pol_min": -52.7952766418457, "metric/rollout_success": 0.0, "metric/alpha": 2.3835034370422363, "metric/delta": 0.05000000074505806, "metric/time_vpg": 0.02774643898010254, "metric/time_npg": 0.6499626636505127, "metric/kl_dist": 0.02479296177625656, "metric/surr_improvement": 0.020878920331597328, "metric/running_score": -4.842103481292725, "metric/success_rate": 0.0, "metric/time_VF": 1.4064795970916748, "metric/VF_error_before": 0.3104136884212494, "metric/VF_error_after": 0.2495846152305603}