{"videos": {"_type": "video-file", "sha256": "a6494e34c7f647ea6a2f2fd3613d5f3bca3545f790f0471b33e3acd0021d27c0", "size": 25889, "path": "media/videos/videos_743_a6494e34c7f647ea6a2f.mp4"}, "_timestamp": 1661530411.5780487, "_runtime": 5501.1317756175995, "_step": 866, "global_step": 198, "metric/stoc_pol_mean": -0.45045265555381775, "metric/stoc_pol_std": 12.314865112304688, "metric/stoc_pol_max": 60.55431365966797, "metric/stoc_pol_min": -29.12337875366211, "metric/rollout_success": 0.0, "metric/alpha": 2.2846877574920654, "metric/delta": 0.05000000074505806, "metric/time_vpg": 0.02297496795654297, "metric/time_npg": 0.7702603340148926, "metric/kl_dist": 0.02480328269302845, "metric/surr_improvement": 0.022363336756825447, "metric/running_score": -1.7674036026000977, "metric/success_rate": 0.0, "metric/time_VF": 1.4563710689544678, "metric/VF_error_before": 0.4778479337692261, "metric/VF_error_after": 0.3926791250705719, "_wandb": {"runtime": 5552}}