{"videos": {"_type": "video-file", "sha256": "4a56d780a9d28dea153588ab6b265f61c53f638448954b50236cc878964f2574", "size": 24138, "path": "media/videos/videos_143_4a56d780a9d28dea1535.mp4"}, "_timestamp": 1661526033.9162679, "_runtime": 1123.4699947834015, "_step": 165, "global_step": 97, "metric/stoc_pol_mean": -4.306787014007568, "metric/stoc_pol_std": 17.22271728515625, "metric/stoc_pol_max": 78.96145629882812, "metric/stoc_pol_min": -139.34097290039062, "metric/rollout_success": 0.0, "metric/alpha": 2.15348219871521, "metric/delta": 0.05000000074505806, "metric/time_vpg": 0.022353172302246094, "metric/time_npg": 0.6335320472717285, "metric/kl_dist": 0.024596480652689934, "metric/surr_improvement": 0.02264006994664669, "metric/running_score": -4.78427791595459, "metric/success_rate": 0.0, "metric/time_VF": 1.445725440979004, "metric/VF_error_before": 0.5041230320930481, "metric/VF_error_after": 0.38946864008903503}