{"videos": {"_type": "video-file", "sha256": "be18303d511bbdafef165c0e8a48f3b3922b152bc445be0645ca816ab62c4803", "size": 29223, "path": "media/videos/videos_66_be18303d511bbdafef16.mp4"}, "_timestamp": 1661525451.7181828, "_runtime": 541.2719097137451, "_step": 75, "global_step": 84, "metric/stoc_pol_mean": -4.552262306213379, "metric/stoc_pol_std": 17.69097137451172, "metric/stoc_pol_max": 152.65769958496094, "metric/stoc_pol_min": -73.60185241699219, "metric/rollout_success": 0.0, "metric/alpha": 2.354771614074707, "metric/delta": 0.05000000074505806, "metric/time_vpg": 0.02620553970336914, "metric/time_npg": 0.68869948387146, "metric/kl_dist": 0.0255461186170578, "metric/surr_improvement": 0.025307968258857727, "metric/running_score": -4.95863151550293, "metric/success_rate": 0.0, "metric/time_VF": 1.3496394157409668, "metric/VF_error_before": 0.5395140051841736, "metric/VF_error_after": 0.41285139322280884}